Id,Humans and AI: Fairness,"Humans and AI: Interpretability, accountability, and transparency in AI",Social choice theory: Voting rules,Social choice theory: Ranking models,Social choice theory: Mechanism design,Game theory: Cooperative games,Game theory: Non-cooperative games,Game theory: Stackelberg security games,Game theory: No-regret learning,Probabilistic modeling: Bayesian theory,Probabilistic modeling: Graphical models,Probabilistic modeling: Gaussian processes,Probabilistic modeling: Topic models,Search: A* algorithm and variants,Search: Robotics applications of search,Optimization: Integer programming,Optimization: Linear programming,Optimization: Convex optimization,Optimization: Non-convex optimization,"Machine learning: Classical machine learning (SVM, Kernel methods)",Machine learning: Deep learning,Machine learning: Computer vision,Machine learning: Natural language processing,Machine learning: Bias-complexity tradeoffs and double descent curves,Machine learning: Learning theory
dbqzmqxjos,,,,,X,X,X,X,X,X,X,X,,,,,,X,X,X,,,,,
nrwxkyzklu,,,X,X,X,X,X,X,X,,,,,,,,,,,,,,,,
gfudonpdlt,X,,X,X,,,,,,,,,,X,,X,,,,,,,X,,
hzxuweegdt,,,,,,,,,,X,X,,X,,,X,X,,,X,X,,X,X,
qihtokrzkp,,,,,,X,,,,,,X,,,,,,X,,,X,,X,,
ywmjgttlal,X,X,X,,,,,,,,,,,,,,,,,,,,,,
slvubeglvy,,,,,,X,,X,X,,X,,,,,,,,X,,X,,X,,
mkojlofrhe,,X,,,,X,,,,X,,,,,,,,X,,,X,X,,,X
cafwawyjrg,,,,,X,,,,,,,,,,,,,,,,,,,,
qpwypbqgni,,,,,,X,,X,X,,,,,X,,,,X,,,,,,,
fxxzhnuiir,X,,X,,X,X,X,,,,X,,,X,X,X,,,,,X,,,,X
vqnicjcdyl,,,X,,,X,X,X,,,,,,,,,,,,,,,,,
vjtotvamvk,,,X,,,X,X,X,,,,,,X,,,,,,,,,,,
zwkoowshdv,,,,,,,,,,X,X,X,X,,,,,X,X,X,X,,,X,X
uqhkynmsse,X,,X,,,,,X,,,,,,X,,,,X,,,,,,,X
mjugorrsep,X,X,,X,,X,,X,X,X,,X,,X,X,,,,,X,X,X,,,X
tpcaizzozh,,,,,,X,,,,,,,,X,,,,,,,X,,,,
aaxgxbxidx,,,,X,,,X,,,,X,,,,,,X,,,X,,X,,,X
icajjdmwlv,X,,X,X,,,,,,,,,,,,,,,,,,,,,
mkgrimervy,,,X,X,,,,,,,,,,X,X,,,,,,,,,,
hsmqgyjeqq,,,,,,,,,,,,,,,,,,,,X,X,X,X,X,X
vcwcagrgwo,,,X,X,X,X,X,X,X,,X,X,,,,,,,,,,,,,
wpklglvwdi,,X,X,,,,,X,,,,,,,,,,,,,,,,,
dzrgtcpoab,,,,,,,,,,,,,,,,,,,,,X,X,X,,
mnjftlglyt,,,,,,X,X,X,X,,,X,X,,,,,,,,,,,X,
cjrzpptolx,X,X,X,X,,,,,,,,,X,X,X,,,,,X,X,X,,,
klvsradixm,,,,,,X,X,X,X,,,,,,,,,,,,X,X,X,,
asafvxevcd,,,,X,,,,,X,,,,X,,,,,,,,X,,,,
rftrbxbkdl,,,,,,X,X,X,X,X,X,X,X,,,,,,,,,,,,
bbbdjbgaom,X,X,,,,,,,,,,,,X,X,,,,,X,X,X,,,
coqdouvtfk,,X,,,X,X,,,,,,,,,,,,,,,,,,,X
nellpalzkn,X,X,,,,,,,,,,,,,,,,,,,,,,,X
csntbduqtd,,X,,,,X,X,X,X,X,X,X,X,X,X,X,X,X,X,X,,,,,X
ykgfttvrmp,,X,X,X,X,X,X,X,X,,,,,,,,,,,,,,,,
eqwrtenrmj,,,X,,,,,,,,,,,,,,,X,,,,X,,,
pyhgmzzgnc,X,X,X,,,X,,,,,,,,X,,X,X,,,,,,,,
lcclbawybw,,,,,,,,,,,,,,,,,,,,X,,,X,,
btuoyytzsf,,,,,,X,X,,,X,,,,X,,X,X,,,X,X,,,,
xkoidzldie,,X,,,,,,,,,,,,,,,,,,,X,X,,,
zduiamsoia,,,X,,,X,X,,,X,,X,,X,,X,X,X,X,,,,,,
beaqmlcczm,,,,,,X,X,,,,,X,,,,,,,,,X,X,X,X,
vqzdwqkwtf,X,,,,,,,,,,,,,,,,,,,,,,,,
rfblyhrkyi,,X,,,,,X,,,,,,,,,,,,,,,,,,X
ldcpypenyg,X,,,,,X,,,,,X,,,,,,,,,,,X,,,
kmxgrmksxm,,X,,,,,,,,X,,X,,,,,,,,,X,X,,,
dhjmujchol,,,,,,X,X,,X,,,X,,,X,,,,,,,X,,,
motuzrmtrr,,,,,,,,,,,,,,,X,,,,X,X,,,,,
rvkkwbtzer,,,,,,X,,,,,,X,,,X,,,,,,,,,,
stsdorwpcq,,,,,,X,X,,,,X,,,,,,,,,,,,,,
mjilubyayb,X,,,,,,,,,,,,,,X,,,X,,,,X,X,,
xyphczmnun,,,,,,,,,,,,,,X,X,,,,X,,,,,,
oifwsmxuuh,,,,,,X,X,,,,,,,,X,,,X,X,,,,,,
zjymizclei,,,X,,,,,,X,,,,,X,,,X,,,,,,,,
faeasyvdyt,,,,,,,X,,X,,,,,,,,,,,,,,X,,
edecenoxeh,X,X,X,,,,,,X,,,,,,X,X,X,,,,,,X,,
pjlysadups,,,,,,X,X,X,X,X,X,X,X,,X,,,,,,,,,,
